timestamp,x,y,theta,state,left_vel,right_vel,obstacle_detected
0.032,0.6500,0.6500,0.0000,EXPLORE,0.000,0.000,0
0.064,0.6500,0.6500,0.0000,EXPLORE,0.000,0.000,0
0.096,0.6516,0.6500,0.4463,EXPLORE,0.057,0.100,0
0.128,0.6530,0.6507,-2.1494,EXPLORE,0.113,0.195,0
0.160,0.6521,0.6493,-1.4824,EXPLORE,0.176,0.295,0
0.192,0.6522,0.6477,-0.7909,EXPLORE,0.232,0.396,0
0.224,0.6533,0.6466,-0.1575,EXPLORE,0.289,0.490,0
0.256,0.6549,0.6463,0.4665,EXPLORE,0.345,0.590,0
0.288,0.6563,0.6470,0.8282,EXPLORE,0.402,0.685,0
0.320,0.6574,0.6482,1.1716,EXPLORE,0.465,0.785,0
0.352,0.6580,0.6497,1.5605,EXPLORE,0.521,0.885,0
0.384,0.6581,0.6513,1.8333,EXPLORE,0.578,0.980,0
0.416,0.6576,0.6528,2.1790,EXPLORE,0.634,1.080,0
0.448,0.6567,0.6541,2.5403,EXPLORE,0.697,1.174,0
0.480,0.6554,0.6551,2.6413,EXPLORE,0.754,1.275,0
0.512,0.6540,0.6558,2.5096,EXPLORE,0.810,1.375,0
0.544,0.6527,0.6568,2.7157,EXPLORE,0.873,1.470,0
0.576,0.6512,0.6574,2.7160,EXPLORE,0.929,1.570,0
0.608,0.6498,0.6581,2.5202,EXPLORE,0.986,1.664,0
0.640,0.6485,0.6590,2.3611,EXPLORE,1.042,1.765,0
0.672,0.6474,0.6601,1.9700,EXPLORE,1.105,1.859,0
0.704,0.6467,0.6616,1.6247,EXPLORE,1.162,1.959,0
0.736,0.6467,0.6632,1.2747,EXPLORE,1.218,2.054,0
0.768,0.6471,0.6648,0.8614,EXPLORE,1.281,2.154,0
0.800,0.6481,0.6659,0.4952,EXPLORE,1.338,2.248,0
0.832,0.6496,0.6667,0.0059,EXPLORE,1.394,2.349,0
0.864,0.6512,0.6667,-0.5158,EXPLORE,1.451,2.449,0
0.896,0.6526,0.6659,-1.0213,EXPLORE,1.513,2.543,0
0.928,0.6534,0.6646,-1.6042,EXPLORE,1.570,2.644,0
0.960,0.6534,0.6630,-2.5931,EXPLORE,1.627,2.738,0
0.992,0.6519,0.6621,2.8262,EXPLORE,1.689,2.839,0
1.024,0.6505,0.6626,1.9288,EXPLORE,1.746,2.933,0
1.056,0.6499,0.6641,1.0827,AVOID,1.802,3.033,1
1.088,0.6499,0.6641,0.6597,AVOID,1.802,3.033,0
1.120,0.6512,0.6651,0.5126,AVOID,1.884,3.109,0
1.152,0.6525,0.6659,0.5091,AVOID,1.959,3.184,0
1.184,0.6540,0.6667,0.4342,AVOID,2.041,3.266,0
1.216,0.6554,0.6673,0.2749,AVOID,2.116,3.341,0
1.248,0.6570,0.6678,0.1285,AVOID,2.198,3.423,0
1.280,0.6585,0.6680,-0.0167,AVOID,2.273,3.498,0
1.312,0.6601,0.6680,-0.1521,AVOID,2.349,3.580,0
1.344,0.6617,0.6677,-0.2794,AVOID,2.430,3.655,0
1.376,0.6632,0.6673,-0.3931,AVOID,2.506,3.730,0
1.408,0.6648,0.6666,-0.4932,AVOID,2.587,3.812,0
1.440,0.6661,0.6659,-0.5814,AVOID,2.663,3.887,0
1.472,0.6675,0.6650,-0.6565,AVOID,2.744,3.969,0
1.504,0.6687,0.6641,-0.7205,AVOID,2.820,4.044,0
1.536,0.6699,0.6630,-0.7742,AVOID,2.895,4.120,0
1.568,0.6711,0.6619,-0.8184,AVOID,2.977,4.201,0
1.600,0.6721,0.6607,-0.8547,AVOID,3.052,4.277,0
1.632,0.6732,0.6595,-0.8841,AVOID,3.134,4.358,0
1.664,0.6742,0.6583,-0.9078,AVOID,3.209,4.434,0
1.696,0.6753,0.6570,-0.9266,AVOID,3.291,4.515,0
1.728,0.6762,0.6557,-0.9415,AVOID,3.366,4.591,0
1.760,0.6771,0.6545,-0.9531,AVOID,3.441,4.666,0
1.792,0.6781,0.6531,-0.9622,AVOID,3.523,4.748,0
1.824,0.6789,0.6518,-0.9691,AVOID,3.598,4.823,0
1.856,0.6799,0.6505,-0.9745,AVOID,3.680,4.905,0
1.888,0.6808,0.6492,-0.9785,AVOID,3.755,4.980,0
1.920,0.6817,0.6479,-0.9797,AVOID,3.831,5.062,0
1.952,0.6826,0.6465,-0.9836,AVOID,3.912,5.137,0
1.984,0.6834,0.6452,-0.9852,AVOID,3.988,5.212,0
2.016,0.6843,0.6438,-0.9863,AVOID,4.069,5.294,0
2.048,0.6852,0.6425,-0.9871,AVOID,4.145,5.369,0
2.080,0.6861,0.6411,-0.9876,AVOID,4.226,5.451,0
2.112,0.6870,0.6399,-0.9879,AVOID,4.302,5.526,0
2.144,0.6878,0.6386,-0.9881,AVOID,4.377,5.602,0
2.176,0.6887,0.6372,-0.9882,AVOID,4.459,5.683,0
2.208,0.6896,0.6359,-0.9882,AVOID,4.534,5.759,0
2.240,0.6905,0.6345,-0.9882,AVOID,4.616,5.840,0
2.272,0.6914,0.6332,-0.9881,AVOID,4.691,5.916,0
2.304,0.6923,0.6318,-0.9881,AVOID,4.773,5.997,0
2.336,0.6931,0.6305,-0.9880,AVOID,4.848,6.073,0
2.368,0.6940,0.6292,-0.9880,AVOID,4.924,6.148,0
2.400,0.6949,0.6278,-0.9879,AVOID,5.005,6.230,0
2.432,0.6957,0.6265,-0.9879,AVOID,5.081,6.305,0
2.464,0.6967,0.6251,-0.9878,AVOID,5.162,6.387,0
2.496,0.6975,0.6238,-0.9878,AVOID,5.238,6.462,0
2.528,0.6984,0.6225,-0.9860,AVOID,5.313,6.544,0
2.560,0.6993,0.6212,-0.9877,AVOID,5.395,6.619,0
2.592,0.7001,0.6199,-0.9877,AVOID,5.470,6.694,0
2.624,0.7011,0.6185,-0.9877,AVOID,5.552,6.776,0
2.656,0.7019,0.6172,-0.9877,AVOID,5.627,6.851,0
2.688,0.7028,0.6158,-0.9877,AVOID,5.709,6.933,0
2.720,0.7037,0.6145,-0.9876,AVOID,5.784,7.008,0
2.752,0.7045,0.6132,-0.9876,AVOID,5.859,7.084,0
2.784,0.7055,0.6118,-0.9876,AVOID,5.941,7.165,0
2.816,0.7063,0.6105,-0.9876,AVOID,6.016,7.241,0
2.848,0.7072,0.6091,-0.9876,AVOID,6.098,7.322,0
2.880,0.7081,0.6078,-0.9876,AVOID,6.173,7.398,0
2.912,0.7090,0.6064,-0.9876,AVOID,6.255,7.479,0
2.944,0.7099,0.6051,-0.9876,AVOID,6.330,7.555,0
2.976,0.7107,0.6039,-0.9876,AVOID,6.406,7.630,0
3.008,0.7116,0.6025,-0.9876,AVOID,6.487,7.712,0
3.040,0.7125,0.6012,-0.9876,AVOID,6.563,7.787,0
3.072,0.7134,0.5998,-0.9876,WALL_FOLLOW,6.644,7.869,0
3.104,0.7134,0.5998,-0.9876,WALL_FOLLOW,6.644,7.869,0
3.136,0.7143,0.5985,-0.1933,WALL_FOLLOW,6.726,7.938,0
3.168,0.7158,0.5982,0.7780,WALL_FOLLOW,6.814,8.007,0
3.200,0.7170,0.5993,0.0751,WALL_FOLLOW,6.895,8.082,0
3.232,0.7186,0.5994,2.2126,WALL_FOLLOW,6.983,8.151,0
3.264,0.7177,0.6007,-3.0112,WALL_FOLLOW,7.065,8.221,0
3.296,0.7161,0.6005,-1.8618,WALL_FOLLOW,7.153,8.290,0
3.328,0.7156,0.5989,1.7327,WALL_FOLLOW,7.235,8.365,0
3.360,0.7153,0.6005,-1.9292,WALL_FOLLOW,7.322,8.434,0
3.392,0.7148,0.5990,-0.1969,WALL_FOLLOW,7.404,8.509,0
3.424,0.7164,0.5987,1.7667,WALL_FOLLOW,7.492,8.578,0
3.456,0.7160,0.6003,-2.4254,WALL_FOLLOW,7.574,8.654,0
3.488,0.7149,0.5992,1.2295,WALL_FOLLOW,7.655,8.723,0
3.520,0.7154,0.6008,2.6703,WALL_FOLLOW,7.743,8.792,0
3.552,0.7140,0.6015,-0.4135,WALL_FOLLOW,7.825,8.867,0
3.584,0.7155,0.6008,1.0487,WALL_FOLLOW,7.913,8.936,0
3.616,0.7163,0.6022,-2.7117,WALL_FOLLOW,7.994,9.012,0
3.648,0.7148,0.6016,3.0277,WALL_FOLLOW,8.082,9.081,0
3.680,0.7132,0.6017,-2.8309,WALL_FOLLOW,8.170,9.150,0
3.712,0.7117,0.6013,-2.1660,WALL_FOLLOW,8.252,9.219,0
3.744,0.7108,0.5999,-0.8664,WALL_FOLLOW,8.340,9.288,0
3.776,0.7119,0.5987,-1.0190,WALL_FOLLOW,8.428,9.363,0
3.808,0.7127,0.5974,0.0259,WALL_FOLLOW,8.509,9.433,0
3.840,0.7143,0.5974,1.4446,WALL_FOLLOW,8.597,9.502,0
3.872,0.7145,0.5989,2.1661,WALL_FOLLOW,8.679,9.571,0
3.904,0.7136,0.6003,-1.1441,WALL_FOLLOW,8.767,9.646,0
3.936,0.7142,0.5989,-1.8481,WALL_FOLLOW,8.849,9.715,0
3.968,0.7138,0.5974,-2.4525,WALL_FOLLOW,8.936,9.784,0
4.000,0.7125,0.5963,-2.1503,WALL_FOLLOW,9.024,9.853,0
4.032,0.7117,0.5950,-1.1386,WALL_FOLLOW,9.106,9.922,0
4.064,0.7124,0.5935,1.9577,WALL_FOLLOW,9.194,9.998,0
4.096,0.7118,0.5950,-1.8873,WALL_FOLLOW,9.276,10.067,0
4.128,0.7113,0.5934,0.8159,WALL_FOLLOW,9.363,10.142,0
4.160,0.7123,0.5945,1.4025,WALL_FOLLOW,9.445,10.211,0
4.192,0.7126,0.5961,-2.0397,WALL_FOLLOW,9.533,10.280,0
4.224,0.7119,0.5946,0.0284,WALL_FOLLOW,9.615,10.356,0
4.256,0.7135,0.5947,0.9929,WALL_FOLLOW,9.703,10.425,0
4.288,0.7144,0.5960,-1.5259,WALL_FOLLOW,9.784,10.500,0
4.320,0.7144,0.5945,1.3095,WALL_FOLLOW,9.866,10.569,0
4.352,0.7149,0.5960,-2.9361,WALL_FOLLOW,9.954,10.638,0
4.384,0.7132,0.5957,-2.7991,WALL_FOLLOW,10.042,10.714,0
4.416,0.7118,0.5952,-1.6397,WALL_FOLLOW,10.123,10.783,0
4.448,0.7117,0.5936,0.8078,WALL_FOLLOW,10.211,10.852,0
4.480,0.7128,0.5947,-3.1023,WALL_FOLLOW,10.293,10.927,0
4.512,0.7112,0.5947,-2.5600,WALL_FOLLOW,10.381,10.996,0
4.544,0.7099,0.5938,-0.4251,WALL_FOLLOW,10.462,11.065,0
4.576,0.7113,0.5932,-0.5581,WALL_FOLLOW,10.550,11.134,0
4.608,0.7127,0.5923,1.0095,WALL_FOLLOW,10.632,11.210,0
4.640,0.7136,0.5937,1.5330,WALL_FOLLOW,10.720,11.279,0
4.672,0.7136,0.5952,-2.5530,WALL_FOLLOW,10.802,11.348,0
4.704,0.7122,0.5943,-1.4342,WALL_FOLLOW,10.890,11.423,0
4.736,0.7124,0.5927,0.2487,WALL_FOLLOW,10.977,11.492,0
4.768,0.7139,0.5931,1.1416,WALL_FOLLOW,11.059,11.561,0
4.800,0.7146,0.5945,2.9840,WALL_FOLLOW,11.147,11.631,0
4.832,0.7130,0.5948,-0.9980,WALL_FOLLOW,11.229,11.706,0
4.864,0.7139,0.5934,-0.2848,WALL_FOLLOW,11.317,11.775,0
4.896,0.7154,0.5930,1.4647,WALL_FOLLOW,11.398,11.844,0
4.928,0.7156,0.5947,-3.0893,WALL_FOLLOW,11.486,11.919,0
4.960,0.7140,0.5946,-1.9552,WALL_FOLLOW,11.568,11.989,0
4.992,0.7134,0.5931,-0.6012,WALL_FOLLOW,11.656,12.058,0
5.024,0.7147,0.5922,1.6767,WALL_FOLLOW,11.737,12.133,0
5.056,0.7146,0.5938,-3.0820,WALL_FOLLOW,11.825,12.202,0
5.088,0.7130,0.5937,1.0103,WALL_FOLLOW,11.907,12.277,0
5.120,0.7138,0.5951,1.3920,WALL_FOLLOW,11.995,12.346,0
5.152,0.7141,0.5966,2.7818,WALL_FOLLOW,12.076,12.416,0
5.184,0.7126,0.5971,2.4381,WALL_FOLLOW,12.164,12.485,0
5.216,0.7114,0.5982,-1.7450,WALL_FOLLOW,12.246,12.560,0
5.248,0.7111,0.5966,1.2455,WALL_FOLLOW,12.334,12.629,0
5.280,0.7116,0.5981,-2.4236,WALL_FOLLOW,12.416,12.698,0
5.312,0.7103,0.5970,-0.9721,WALL_FOLLOW,12.503,12.774,0
5.344,0.7112,0.5957,-0.9300,WALL_FOLLOW,12.585,12.843,0
5.376,0.7121,0.5944,-0.8624,WALL_FOLLOW,12.673,12.912,0
5.408,0.7132,0.5932,-0.5746,WALL_FOLLOW,12.761,12.981,0
5.440,0.7145,0.5923,1.4107,WALL_FOLLOW,12.843,13.056,0
5.472,0.7148,0.5939,-3.0459,WALL_FOLLOW,12.931,13.125,0
5.504,0.7133,0.5937,-0.1783,WALL_FOLLOW,13.012,13.194,0
5.536,0.7149,0.5934,1.6290,WALL_FOLLOW,13.100,13.270,0
5.568,0.7148,0.5950,-0.2264,WALL_FOLLOW,13.182,13.339,0
5.600,0.7164,0.5946,0.6119,WALL_FOLLOW,13.270,13.414,0
5.632,0.7177,0.5955,1.4927,WALL_FOLLOW,13.351,13.483,0
5.664,0.7178,0.5971,1.8262,WALL_FOLLOW,13.439,13.552,0
5.696,0.7174,0.5987,0.0555,WALL_FOLLOW,13.527,13.621,0
5.728,0.7190,0.5987,0.7408,WALL_FOLLOW,13.609,13.690,0
5.760,0.7202,0.5999,3.0193,WALL_FOLLOW,13.697,13.766,0
5.792,0.7187,0.6001,0.2747,WALL_FOLLOW,13.778,13.835,0
5.824,0.7203,0.6005,1.8168,WALL_FOLLOW,13.866,13.910,0
5.856,0.7199,0.6020,3.0873,WALL_FOLLOW,13.948,13.979,0
5.888,0.7183,0.6021,-1.4922,WALL_FOLLOW,14.036,14.048,0
5.920,0.7184,0.6005,1.3208,WALL_FOLLOW,14.117,14.124,0
5.952,0.7188,0.6020,-2.3750,WALL_FOLLOW,14.199,14.193,0
5.984,0.7177,0.6009,-0.5365,WALL_FOLLOW,14.287,14.262,0
6.016,0.7190,0.6001,-2.2947,WALL_FOLLOW,14.369,14.337,0
6.048,0.7180,0.5989,0.4276,WALL_FOLLOW,14.457,14.406,0
6.080,0.7194,0.5995,1.5768,WALL_FOLLOW,14.538,14.482,0
6.112,0.7194,0.6011,-2.1643,WALL_FOLLOW,14.626,14.551,0
6.144,0.7185,0.5998,0.8536,WALL_FOLLOW,14.708,14.626,0
6.176,0.7196,0.6010,1.2897,WALL_FOLLOW,14.796,14.695,0
6.208,0.7200,0.6025,1.7797,WALL_FOLLOW,14.877,14.764,0
6.240,0.7197,0.6041,-2.2865,WALL_FOLLOW,14.965,14.833,0
6.272,0.7186,0.6028,-0.1804,WALL_FOLLOW,15.047,14.909,0
6.304,0.7202,0.6026,0.0793,WALL_FOLLOW,15.135,14.978,0
6.336,0.7217,0.6027,0.8337,WALL_FOLLOW,15.216,15.047,0
6.368,0.7228,0.6039,1.8525,WALL_FOLLOW,15.304,15.116,0
6.400,0.7224,0.6054,-1.5535,WALL_FOLLOW,15.386,15.191,0
6.432,0.7224,0.6038,2.0929,WALL_FOLLOW,15.474,15.260,0
6.464,0.7216,0.6052,-1.8308,WALL_FOLLOW,15.556,15.336,0
6.496,0.7212,0.6037,-0.5808,WALL_FOLLOW,15.643,15.405,0
6.528,0.7225,0.6028,0.1693,WALL_FOLLOW,15.725,15.474,0
6.560,0.7241,0.6031,-0.1288,WALL_FOLLOW,15.813,15.543,0
6.592,0.7257,0.6029,1.7090,WALL_FOLLOW,15.901,15.618,0
6.624,0.7255,0.6044,2.7043,WALL_FOLLOW,15.983,15.687,0
6.656,0.7241,0.6051,-0.8749,WALL_FOLLOW,16.071,15.757,0
6.688,0.7251,0.6038,-1.3405,WALL_FOLLOW,16.152,15.832,0
6.720,0.7255,0.6023,-0.2578,WALL_FOLLOW,16.240,15.901,0
6.752,0.7269,0.6019,2.4750,WALL_FOLLOW,16.322,15.970,0
6.784,0.7256,0.6029,-1.4676,WALL_FOLLOW,16.410,16.045,0
6.816,0.7258,0.6014,1.6052,WALL_FOLLOW,16.491,16.114,0
6.848,0.7257,0.6030,-1.9064,WALL_FOLLOW,16.573,16.190,0
6.880,0.7252,0.6015,-1.5892,WALL_FOLLOW,16.661,16.259,0
6.912,0.7252,0.5999,-2.3888,WALL_FOLLOW,16.749,16.328,0
6.944,0.7240,0.5988,-1.8605,WALL_FOLLOW,16.837,16.397,0
6.976,0.7236,0.5973,0.5062,WALL_FOLLOW,16.918,16.466,0
7.008,0.7250,0.5981,-2.5830,WALL_FOLLOW,17.000,16.542,0
7.040,0.7236,0.5972,-0.4397,WALL_FOLLOW,17.088,16.611,0
7.072,0.7251,0.5965,1.0419,WALL_FOLLOW,17.170,16.686,0
7.104,0.7259,0.5979,-0.1792,WALL_FOLLOW,17.257,16.755,0
7.136,0.7275,0.5976,-0.5201,WALL_FOLLOW,17.345,16.824,0
7.168,0.7288,0.5969,0.0384,WALL_FOLLOW,17.427,16.893,0
7.200,0.7304,0.5969,1.2459,WALL_FOLLOW,17.515,16.962,0
7.232,0.7309,0.5985,-3.0686,WALL_FOLLOW,17.603,17.038,0
7.264,0.7294,0.5984,1.1434,WALL_FOLLOW,17.684,17.107,0
7.296,0.7301,0.5998,-1.5729,WALL_FOLLOW,17.772,17.176,0
7.328,0.7301,0.5982,-2.4671,WALL_FOLLOW,17.860,17.245,0
7.360,0.7289,0.5973,-1.7313,WALL_FOLLOW,17.942,17.314,0
7.392,0.7286,0.5956,-0.5621,WALL_FOLLOW,18.030,17.389,0
7.424,0.7299,0.5948,-0.0599,WALL_FOLLOW,18.112,17.458,0
7.456,0.7315,0.5947,2.4017,WALL_FOLLOW,18.199,17.527,0
7.488,0.7303,0.5958,-2.1094,WALL_FOLLOW,18.281,17.603,0
7.520,0.7295,0.5944,-1.5718,WALL_FOLLOW,18.369,17.672,0
7.552,0.7295,0.5928,-0.9286,WALL_FOLLOW,18.457,17.741,0
7.584,0.7304,0.5916,-0.4123,WALL_FOLLOW,18.539,17.810,0
7.616,0.7319,0.5909,1.0783,WALL_FOLLOW,18.626,17.885,0
7.648,0.7327,0.5923,2.1590,WALL_FOLLOW,18.708,17.955,0
7.680,0.7318,0.5936,-2.1350,WALL_FOLLOW,18.796,18.024,0
7.712,0.7309,0.5922,-0.0715,WALL_FOLLOW,18.878,18.099,0
7.744,0.7325,0.5921,2.6735,WALL_FOLLOW,18.966,18.168,0
7.776,0.7311,0.5928,-0.9355,WALL_FOLLOW,19.047,18.237,0
7.808,0.7321,0.5915,-2.4864,WALL_FOLLOW,19.135,18.306,0
7.840,0.7308,0.5905,-0.8249,WALL_FOLLOW,19.217,18.382,0
7.872,0.7319,0.5894,0.8971,WALL_FOLLOW,19.305,18.451,0
7.904,0.7329,0.5906,1.7855,WALL_FOLLOW,19.393,18.520,0
7.936,0.7326,0.5922,-0.3147,WALL_FOLLOW,19.474,18.595,0
7.968,0.7341,0.5917,3.0921,WALL_FOLLOW,19.556,18.664,0
8.000,0.7324,0.5918,0.6002,WALL_FOLLOW,19.638,18.740,0
8.032,0.7338,0.5927,-3.0065,WALL_FOLLOW,19.725,18.809,0
8.064,0.7321,0.5925,-2.8848,WALL_FOLLOW,19.813,18.884,0
8.096,0.7306,0.5921,-2.7593,WALL_FOLLOW,19.895,18.953,0
8.128,0.7292,0.5915,1.4017,WALL_FOLLOW,19.977,19.022,0
8.160,0.7295,0.5932,-1.5416,WALL_FOLLOW,20.065,19.097,0
8.192,0.7295,0.5916,-1.2404,WALL_FOLLOW,20.146,19.167,0
8.224,0.7300,0.5901,-1.0557,WALL_FOLLOW,20.234,19.236,0
8.256,0.7309,0.5886,0.9625,WALL_FOLLOW,20.322,19.311,0
8.288,0.7317,0.5899,2.9483,WALL_FOLLOW,20.404,19.380,0
8.320,0.7302,0.5902,0.2641,WALL_FOLLOW,20.485,19.449,0
8.352,0.7318,0.5906,0.8568,WALL_FOLLOW,20.573,19.525,0
8.384,0.7329,0.5918,2.3433,WALL_FOLLOW,20.661,19.594,0
8.416,0.7318,0.5930,-3.0715,WALL_FOLLOW,20.743,19.663,0
8.448,0.7301,0.5928,-0.4255,WALL_FOLLOW,20.831,19.738,0
8.480,0.7316,0.5922,-0.5282,WALL_FOLLOW,20.912,19.807,0
8.512,0.7329,0.5914,0.9375,WALL_FOLLOW,21.000,19.876,0
8.544,0.7339,0.5927,-0.3011,WALL_FOLLOW,21.088,19.945,0
8.576,0.7354,0.5922,0.3468,WALL_FOLLOW,21.170,20.014,0
8.608,0.7369,0.5928,-2.7207,WALL_FOLLOW,21.258,20.090,0
8.640,0.7355,0.5922,-1.0538,WALL_FOLLOW,21.339,20.159,0
8.672,0.7363,0.5908,0.3438,WALL_FOLLOW,21.427,20.228,0
8.704,0.7378,0.5913,1.5460,WALL_FOLLOW,21.509,20.303,0
8.736,0.7379,0.5929,1.3895,WALL_FOLLOW,21.597,20.372,0
8.768,0.7382,0.5945,-0.1771,WALL_FOLLOW,21.685,20.441,0
8.800,0.7397,0.5942,3.0762,WALL_FOLLOW,21.766,20.510,0
8.832,0.7380,0.5943,-0.7025,WALL_FOLLOW,21.854,20.586,0
8.864,0.7392,0.5933,2.1763,WALL_FOLLOW,21.936,20.655,0
8.896,0.7383,0.5947,-1.6903,WALL_FOLLOW,22.018,20.730,0
8.928,0.7381,0.5931,1.0544,WALL_FOLLOW,22.106,20.799,0
8.960,0.7389,0.5944,2.3835,WALL_FOLLOW,22.187,20.868,0
8.992,0.7376,0.5956,-2.6420,WALL_FOLLOW,22.275,20.944,0
9.024,0.7363,0.5948,-1.2917,WALL_FOLLOW,22.357,21.013,0
9.056,0.7367,0.5933,2.2657,WALL_FOLLOW,22.445,21.082,0
9.088,0.7357,0.5946,1.5676,WALL_FOLLOW,22.533,21.157,0
9.120,0.7357,0.5961,2.6432,WALL_FOLLOW,22.614,21.226,0
9.152,0.7343,0.5969,1.9285,WALL_FOLLOW,22.702,21.295,0
9.184,0.7337,0.5984,1.4178,WALL_FOLLOW,22.790,21.365,0
9.216,0.7339,0.5999,1.8961,WALL_FOLLOW,22.872,21.434,0
9.248,0.7334,0.6015,-1.8799,WALL_FOLLOW,22.960,21.509,0
9.280,0.7329,0.6000,1.1639,WALL_FOLLOW,23.041,21.578,0
9.312,0.7336,0.6015,2.6654,WALL_FOLLOW,23.129,21.647,0
9.344,0.7322,0.6022,0.9895,WALL_FOLLOW,23.211,21.716,0
9.376,0.7331,0.6036,-0.8335,WALL_FOLLOW,23.299,21.792,0
9.408,0.7341,0.6025,1.0969,WALL_FOLLOW,23.380,21.861,0
9.440,0.7349,0.6039,-2.1377,WALL_FOLLOW,23.468,21.936,0
9.472,0.7341,0.6026,-0.2967,WALL_FOLLOW,23.550,22.005,0
9.504,0.7357,0.6022,1.4956,WALL_FOLLOW,23.638,22.080,0
9.536,0.7358,0.6037,-2.7210,WALL_FOLLOW,23.720,22.150,0
9.568,0.7343,0.6030,-1.7763,WALL_FOLLOW,23.807,22.219,0
9.600,0.7340,0.6015,0.6869,WALL_FOLLOW,23.889,22.294,0
9.632,0.7352,0.6024,-1.5339,WALL_FOLLOW,23.971,22.363,0
9.664,0.7352,0.6008,-0.7023,WALL_FOLLOW,24.059,22.432,0
9.696,0.7365,0.5998,-1.6049,WALL_FOLLOW,24.147,22.501,0
9.728,0.7364,0.5982,-0.5332,WALL_FOLLOW,24.228,22.577,0
9.760,0.7378,0.5974,-0.0491,WALL_FOLLOW,24.316,22.646,0
9.792,0.7394,0.5973,2.0233,WALL_FOLLOW,24.398,22.715,0
9.824,0.7386,0.5988,-1.9566,WALL_FOLLOW,24.486,22.790,0
9.856,0.7380,0.5974,-0.7943,WALL_FOLLOW,24.567,22.859,0
9.888,0.7392,0.5962,2.2934,WALL_FOLLOW,24.655,22.928,0
9.920,0.7381,0.5974,-1.7146,WALL_FOLLOW,24.737,23.004,0
9.952,0.7379,0.5958,1.1476,WALL_FOLLOW,24.825,23.073,0
9.984,0.7385,0.5972,1.7924,WALL_FOLLOW,24.906,23.142,0
10.016,0.7381,0.5989,2.6160,WALL_FOLLOW,24.994,23.217,0
10.048,0.7368,0.5996,-0.9550,WALL_FOLLOW,25.076,23.286,0
10.080,0.7377,0.5983,-0.3948,WALL_FOLLOW,25.164,23.355,0
10.112,0.7392,0.5977,1.4561,WALL_FOLLOW,25.246,23.431,0
10.144,0.7394,0.5993,-2.3696,WALL_FOLLOW,25.334,23.500,0
10.176,0.7382,0.5982,0.1582,WALL_FOLLOW,25.415,23.575,0
10.208,0.7398,0.5984,0.6626,WALL_FOLLOW,25.503,23.644,0
10.240,0.7411,0.5994,2.4637,WALL_FOLLOW,25.585,23.713,0
10.272,0.7398,0.6004,-3.0073,WALL_FOLLOW,25.673,23.782,0
10.304,0.7382,0.6002,0.0653,WALL_FOLLOW,25.754,23.858,0
10.336,0.7398,0.6003,1.5396,WALL_FOLLOW,25.842,23.927,0
10.368,0.7399,0.6018,-2.8931,WALL_FOLLOW,25.924,23.996,0
10.400,0.7382,0.6014,1.1736,WALL_FOLLOW,26.012,24.071,0
10.432,0.7388,0.6029,1.9760,WALL_FOLLOW,26.093,24.140,0
10.464,0.7382,0.6044,-2.8529,WALL_FOLLOW,26.181,24.216,0
10.496,0.7367,0.6040,-1.7741,WALL_FOLLOW,26.263,24.285,0
10.528,0.7364,0.6024,-0.1761,WALL_FOLLOW,26.351,24.354,0
10.560,0.7380,0.6021,2.2976,WALL_FOLLOW,26.433,24.429,0
10.592,0.7369,0.6033,2.9432,WALL_FOLLOW,26.520,24.498,0
10.624,0.7354,0.6036,-0.2515,WALL_FOLLOW,26.602,24.567,0
10.656,0.7369,0.6032,-0.5735,WALL_FOLLOW,26.690,24.636,0
10.688,0.7383,0.6023,-0.0621,WALL_FOLLOW,26.778,24.712,0
10.720,0.7399,0.6022,0.5213,WALL_FOLLOW,26.860,24.781,0
10.752,0.7413,0.6030,2.1194,WALL_FOLLOW,26.947,24.850,0
10.784,0.7404,0.6044,0.0376,WALL_FOLLOW,27.035,24.919,0
10.816,0.7420,0.6044,2.1117,WALL_FOLLOW,27.117,24.988,0
10.848,0.7411,0.6059,-1.7341,WALL_FOLLOW,27.205,25.063,0
10.880,0.7409,0.6043,-0.6934,WALL_FOLLOW,27.287,25.133,0
10.912,0.7422,0.6033,-3.1003,WALL_FOLLOW,27.375,25.208,0
10.944,0.7406,0.6032,3.0607,WALL_FOLLOW,27.456,25.277,0
10.976,0.7390,0.6033,-2.2469,WALL_FOLLOW,27.544,25.346,0
11.008,0.7380,0.6021,-1.5186,WALL_FOLLOW,27.626,25.415,0
11.040,0.7381,0.6005,-1.4381,AVOID,27.714,25.484,1
11.072,0.7381,0.6005,-1.3521,AVOID,27.714,25.484,1
11.104,0.7383,0.5999,1.1724,AVOID,27.682,25.578,1
11.136,0.7385,0.6005,-2.4786,AVOID,27.657,25.673,1
11.168,0.7381,0.6002,-0.1730,AVOID,27.626,25.761,1
11.200,0.7387,0.6001,2.2735,AVOID,27.594,25.855,1
11.232,0.7383,0.6006,-0.9537,AVOID,27.563,25.949,1
11.264,0.7387,0.6000,2.1176,AVOID,27.538,26.037,1
11.296,0.7383,0.6006,-1.4373,AVOID,27.506,26.131,1
11.328,0.7384,0.6000,1.5987,AVOID,27.475,26.225,0
11.360,0.7384,0.6016,1.2146,AVOID,27.557,26.301,0
11.392,0.7389,0.6031,0.9255,AVOID,27.632,26.382,1
11.424,0.7393,0.6035,-2.7394,AVOID,27.601,26.470,1
11.456,0.7386,0.6033,-0.5521,AVOID,27.575,26.564,0
11.488,0.7399,0.6025,-1.0407,AVOID,27.651,26.640,0
11.520,0.7408,0.6010,-1.3219,AVOID,27.732,26.721,1
11.552,0.7409,0.6004,1.6926,AVOID,27.820,26.690,1
11.584,0.7409,0.6011,-2.1699,AVOID,27.789,26.784,1
11.616,0.7405,0.6006,0.6441,AVOID,27.883,26.753,1
11.648,0.7410,0.6009,3.1192,AVOID,27.852,26.847,1
11.680,0.7404,0.6010,-0.2485,AVOID,27.946,26.816,1
11.712,0.7410,0.6008,2.8532,AVOID,28.040,26.784,1
11.744,0.7404,0.6010,-0.2138,AVOID,28.009,26.878,1
11.776,0.7409,0.6009,-3.0934,AVOID,27.977,26.966,1
11.808,0.7402,0.6008,-0.5811,AVOID,28.072,26.941,1
11.840,0.7408,0.6005,2.3312,AVOID,28.166,26.910,1
11.872,0.7403,0.6009,-0.7659,AVOID,28.134,27.004,1
11.904,0.7407,0.6005,1.6053,AVOID,28.222,26.973,1
11.936,0.7407,0.6012,-1.6076,AVOID,28.317,26.941,1
11.968,0.7407,0.6005,2.2605,AVOID,28.285,27.035,1
12.000,0.7403,0.6010,-1.2784,AVOID,28.379,27.004,1
12.032,0.7405,0.6004,2.5145,AVOID,28.348,27.098,1
12.064,0.7400,0.6008,0.0628,AVOID,28.323,27.186,1
12.096,0.7406,0.6008,-2.8664,AVOID,28.291,27.280,1
12.128,0.7400,0.6007,-0.8221,AVOID,28.386,27.249,1
12.160,0.7404,0.6002,1.3797,AVOID,28.474,27.224,1
12.192,0.7405,0.6008,-2.7139,AVOID,28.568,27.192,1
12.224,0.7400,0.6006,1.0161,AVOID,28.536,27.280,1
12.256,0.7403,0.6011,-1.9077,AVOID,28.505,27.375,1
12.288,0.7401,0.6005,0.2063,AVOID,28.599,27.343,1
12.320,0.7408,0.6006,-2.6814,AVOID,28.568,27.437,1
12.352,0.7402,0.6004,-0.0555,AVOID,28.662,27.406,1
12.384,0.7409,0.6003,2.9840,AVOID,28.756,27.381,1
12.416,0.7403,0.6004,0.3453,AVOID,28.725,27.469,1
12.448,0.7409,0.6006,-1.9640,AVOID,28.693,27.563,1
12.480,0.7407,0.6000,0.5973,AVOID,28.788,27.532,1
12.512,0.7412,0.6004,3.0041,AVOID,28.875,27.500,1
12.544,0.7405,0.6005,0.3298,AVOID,28.850,27.594,1
12.576,0.7410,0.6006,3.0857,AVOID,28.938,27.563,1
12.608,0.7403,0.6007,-0.7052,AVOID,29.032,27.538,1
12.640,0.7407,0.6003,3.0000,AVOID,29.001,27.626,1
12.672,0.7400,0.6004,-0.3672,AVOID,29.095,27.601,1
12.704,0.7406,0.6002,2.7615,AVOID,29.189,27.569,1
12.736,0.7401,0.6004,-0.6960,AVOID,29.277,27.538,1
12.768,0.7406,0.6000,2.4704,AVOID,29.372,27.506,1
12.800,0.7400,0.6004,-0.2566,AVOID,29.466,27.481,1
12.832,0.7406,0.6003,2.9908,AVOID,29.554,27.450,1
12.864,0.7399,0.6004,1.0489,AVOID,29.529,27.544,1
12.896,0.7402,0.6009,-2.4177,AVOID,29.616,27.513,1
12.928,0.7397,0.6005,1.1828,AVOID,29.711,27.481,1
12.960,0.7400,0.6011,-0.5445,AVOID,29.679,27.575,1
12.992,0.7405,0.6007,2.0218,AVOID,29.773,27.544,1
13.024,0.7403,0.6012,-1.3416,AVOID,29.861,27.513,1
13.056,0.7404,0.6006,2.4833,WALL_FOLLOW,29.956,27.488,1
13.088,0.7404,0.6006,-2.9008,AVOID,29.956,27.488,1
13.120,0.7404,0.6006,-2.1749,AVOID,29.956,27.488,1
13.152,0.7400,0.6000,1.7039,AVOID,30.050,27.456,1
13.184,0.7400,0.6006,-0.8115,AVOID,30.138,27.425,1
13.216,0.7404,0.6001,2.8914,AVOID,30.232,27.393,1
13.248,0.7397,0.6003,0.4777,AVOID,30.326,27.368,1
13.280,0.7402,0.6006,-2.4841,AVOID,30.414,27.337,1
13.312,0.7397,0.6001,1.6998,AVOID,30.389,27.431,1
13.344,0.7396,0.6007,-1.1535,AVOID,30.477,27.400,1
13.376,0.7399,0.6001,2.7519,AVOID,30.452,27.494,1
13.408,0.7394,0.6003,0.4470,AVOID,30.420,27.582,1
13.440,0.7399,0.6006,-2.4072,AVOID,30.389,27.676,1
13.472,0.7395,0.6001,0.8293,AVOID,30.358,27.770,1
13.504,0.7399,0.6006,-2.4586,AVOID,30.332,27.858,1
13.536,0.7394,0.6002,0.1430,AVOID,30.301,27.952,1
13.568,0.7400,0.6003,-2.7741,AVOID,30.270,28.046,1
13.600,0.7395,0.6001,0.4708,AVOID,30.238,28.134,1
13.632,0.7401,0.6004,3.0988,AVOID,30.213,28.229,1
13.664,0.7395,0.6004,-0.6248,AVOID,30.182,28.323,1
13.696,0.7400,0.6001,2.0703,AVOID,30.150,28.411,1
13.728,0.7396,0.6007,-1.8532,AVOID,30.125,28.505,1
13.760,0.7395,0.6002,0.4430,AVOID,30.094,28.593,1
13.792,0.7400,0.6004,2.8889,AVOID,30.062,28.687,1
13.824,0.7394,0.6006,-1.0936,AVOID,30.031,28.781,1
13.856,0.7397,0.6000,1.1535,AVOID,30.006,28.869,1
13.888,0.7400,0.6006,-2.9108,AVOID,29.974,28.963,1
13.920,0.7393,0.6005,-0.5372,AVOID,29.943,29.058,1
13.952,0.7399,0.6001,1.6253,AVOID,30.037,29.026,1
13.984,0.7399,0.6008,-2.2955,AVOID,30.131,28.995,1
14.016,0.7394,0.6003,0.6375,AVOID,30.100,29.089,1
14.048,0.7399,0.6006,2.9557,AVOID,30.188,29.058,1
14.080,0.7393,0.6008,-0.8624,AVOID,30.282,29.026,1
14.112,0.7397,0.6003,2.0417,AVOID,30.251,29.120,1
14.144,0.7394,0.6009,-1.0333,AVOID,30.226,29.215,1
14.176,0.7397,0.6004,1.6187,AVOID,30.314,29.183,1
14.208,0.7396,0.6010,-1.9081,AVOID,30.408,29.152,1
14.240,0.7394,0.6004,1.3467,AVOID,30.376,29.246,1
14.272,0.7396,0.6011,-1.8440,AVOID,30.471,29.215,1
14.304,0.7394,0.6004,1.8114,AVOID,30.439,29.309,1
14.336,0.7392,0.6011,-1.3607,AVOID,30.533,29.277,1
14.368,0.7394,0.6005,1.6703,AVOID,30.621,29.246,1
14.400,0.7393,0.6012,-1.3159,AVOID,30.596,29.340,1
14.432,0.7394,0.6007,1.2720,AVOID,30.684,29.309,1
14.464,0.7396,0.6013,-1.5307,AVOID,30.659,29.403,1
14.496,0.7397,0.6007,1.2877,AVOID,30.747,29.372,1
14.528,0.7399,0.6014,-2.6586,AVOID,30.841,29.346,1
14.560,0.7393,0.6011,0.6134,AVOID,30.935,29.315,1
14.592,0.7398,0.6015,-2.7002,AVOID,31.023,29.284,1
14.624,0.7392,0.6012,0.6338,AVOID,31.117,29.252,1
14.656,0.7397,0.6016,-1.7924,AVOID,31.212,29.227,1
14.688,0.7396,0.6010,1.0862,AVOID,31.300,29.196,1
14.720,0.7399,0.6016,-2.2091,AVOID,31.394,29.164,1
14.752,0.7395,0.6010,1.9637,AVOID,31.488,29.139,1
14.784,0.7393,0.6016,-0.2495,AVOID,31.576,29.108,1
14.816,0.7399,0.6014,-2.6424,AVOID,31.670,29.076,1
14.848,0.7393,0.6011,1.3214,AVOID,31.764,29.045,1
14.880,0.7395,0.6017,-1.3709,AVOID,31.852,29.020,1
14.912,0.7396,0.6011,3.0470,AVOID,31.946,28.988,1
14.944,0.7390,0.6012,0.5561,AVOID,32.041,28.957,1
14.976,0.7395,0.6015,-1.9081,AVOID,32.128,28.926,1
15.008,0.7393,0.6009,2.2940,AVOID,32.097,29.020,1
15.040,0.7388,0.6014,0.0997,AVOID,32.072,29.114,1
15.072,0.7394,0.6015,-2.2737,AVOID,32.041,29.202,1
15.104,0.7390,0.6010,1.2093,WALL_FOLLOW,32.009,29.296,1
15.136,0.7390,0.6010,1.0647,AVOID,32.009,29.296,1
15.168,0.7390,0.6010,0.9474,AVOID,32.009,29.296,1
15.200,0.7394,0.6015,-2.0048,AVOID,31.984,29.390,1
15.232,0.7391,0.6010,0.7841,AVOID,31.953,29.478,1
15.264,0.7396,0.6015,-2.3631,AVOID,31.921,29.573,1
15.296,0.7391,0.6010,0.4727,AVOID,31.890,29.667,1
15.328,0.7397,0.6013,-2.5939,AVOID,31.865,29.755,1
15.360,0.7391,0.6010,0.1994,AVOID,31.833,29.849,1
15.392,0.7398,0.6011,3.1003,AVOID,31.802,29.943,1
15.424,0.7392,0.6011,-0.1946,AVOID,31.771,30.031,1
15.456,0.7399,0.6010,2.6062,AVOID,31.745,30.125,1
15.488,0.7393,0.6013,-1.0132,AVOID,31.714,30.219,1
15.520,0.7396,0.6008,1.9546,AVOID,31.683,30.307,1
15.552,0.7394,0.6015,-2.5494,AVOID,31.777,30.282,1
15.584,0.7388,0.6011,1.1474,AVOID,31.871,30.251,1
15.616,0.7391,0.6016,-3.0175,AVOID,31.959,30.219,1
15.648,0.7384,0.6016,-0.2928,AVOID,32.053,30.188,1
15.680,0.7391,0.6014,3.1334,AVOID,32.147,30.163,1
15.712,0.7385,0.6014,1.0765,AVOID,32.235,30.131,1
15.744,0.7388,0.6019,-0.2838,AVOID,32.329,30.100,1
15.776,0.7395,0.6018,-1.4737,AVOID,32.424,30.069,1
15.808,0.7395,0.6011,-2.3269,AVOID,32.512,30.044,1
15.840,0.7391,0.6006,-3.0439,AVOID,32.606,30.012,1
15.872,0.7384,0.6006,2.6954,AVOID,32.700,29.981,1
15.904,0.7379,0.6009,2.1027,AVOID,32.788,29.956,1
15.936,0.7375,0.6014,1.8216,AVOID,32.882,29.924,1
15.968,0.7374,0.6020,1.2197,AVOID,32.970,29.893,1
16.000,0.7376,0.6026,0.8190,AVOID,33.064,29.861,1
16.032,0.7381,0.6031,0.5111,AVOID,33.158,29.836,1
16.064,0.7386,0.6034,0.1925,AVOID,33.246,29.805,1
16.096,0.7392,0.6035,-0.1061,AVOID,33.341,29.773,1
16.128,0.7399,0.6034,-0.2098,AVOID,33.435,29.748,1
16.160,0.7405,0.6033,-0.8228,AVOID,33.523,29.717,1
16.192,0.7409,0.6028,-0.8939,AVOID,33.617,29.686,1
16.224,0.7413,0.6023,-1.1148,AVOID,33.711,29.654,1
16.256,0.7416,0.6018,-1.3908,AVOID,33.799,29.629,1
16.288,0.7417,0.6011,-1.5973,AVOID,33.893,29.598,1
16.320,0.7417,0.6005,-1.8182,AVOID,33.987,29.566,1
16.352,0.7416,0.5999,-1.8879,AVOID,34.075,29.535,1
16.384,0.7414,0.5992,-2.1477,AVOID,34.169,29.510,1
16.416,0.7410,0.5987,-2.1777,AVOID,34.264,29.478,1
16.448,0.7407,0.5982,-2.4940,AVOID,34.352,29.447,1
16.480,0.7401,0.5978,-2.8008,AVOID,34.446,29.422,1
16.512,0.7396,0.5976,2.3263,AVOID,34.414,29.510,1
16.544,0.7391,0.5981,2.4039,AVOID,34.509,29.485,1
16.576,0.7387,0.5985,-2.1847,AVOID,34.477,29.573,1
16.608,0.7383,0.5980,-2.7529,AVOID,34.571,29.541,1
16.640,0.7377,0.5977,-1.5350,AVOID,34.540,29.635,1
16.672,0.7377,0.5971,-2.1569,AVOID,34.634,29.604,1
16.704,0.7374,0.5966,-0.9378,AVOID,34.603,29.698,1
16.736,0.7377,0.5960,-1.5768,AVOID,34.697,29.667,1
16.768,0.7377,0.5954,-0.4975,AVOID,34.666,29.761,1
16.800,0.7383,0.5951,-1.1305,AVOID,34.760,29.730,1
16.832,0.7386,0.5945,0.4287,AVOID,34.728,29.824,1
16.864,0.7392,0.5948,-0.4986,AVOID,34.823,29.792,1
16.896,0.7397,0.5945,0.7519,AVOID,34.791,29.887,1
16.928,0.7402,0.5949,-0.2834,AVOID,34.879,29.855,1
16.960,0.7408,0.5947,0.7169,AVOID,34.854,29.949,1
16.992,0.7413,0.5951,-0.4553,AVOID,34.942,29.918,1
17.024,0.7419,0.5947,0.5970,AVOID,34.917,30.012,1
17.056,0.7424,0.5951,-0.3501,AVOID,35.005,29.981,1
17.088,0.7430,0.5948,0.8907,AVOID,34.980,30.075,1
17.120,0.7434,0.5953,-0.3296,AVOID,35.068,30.044,1
17.152,0.7441,0.5950,0.8161,WALL_FOLLOW,35.042,30.138,1
17.184,0.7441,0.5950,0.8512,AVOID,35.042,30.138,1
17.216,0.7441,0.5950,0.7382,AVOID,35.042,30.138,1
17.248,0.7445,0.5954,-0.5771,AVOID,35.130,30.106,1
17.280,0.7450,0.5951,0.6290,AVOID,35.099,30.194,1
17.312,0.7456,0.5955,-0.0063,AVOID,35.193,30.169,1
17.344,0.7461,0.5955,1.1444,AVOID,35.162,30.257,1
17.376,0.7464,0.5962,-0.0230,AVOID,35.256,30.232,1
17.408,0.7470,0.5962,1.1379,AVOID,35.225,30.320,1
17.440,0.7473,0.5968,0.0875,AVOID,35.319,30.295,1
17.472,0.7479,0.5969,1.3932,AVOID,35.287,30.383,1
17.504,0.7480,0.5976,0.1838,AVOID,35.382,30.358,1
17.536,0.7486,0.5977,1.8416,AVOID,35.350,30.445,1
17.568,0.7484,0.5983,0.6908,AVOID,35.444,30.414,1
17.600,0.7489,0.5987,1.8317,AVOID,35.413,30.508,1
17.632,0.7487,0.5993,0.5179,AVOID,35.507,30.477,1
17.664,0.7493,0.5996,1.9437,AVOID,35.476,30.571,1
17.696,0.7491,0.6002,0.5256,AVOID,35.570,30.540,1
17.728,0.7496,0.6006,1.5022,AVOID,35.539,30.634,1
17.760,0.7497,0.6012,0.3108,AVOID,35.633,30.602,1
17.792,0.7503,0.6014,1.6902,AVOID,35.601,30.697,1
17.824,0.7502,0.6020,0.7175,AVOID,35.696,30.665,1
17.856,0.7507,0.6025,2.1070,AVOID,35.664,30.759,1
17.888,0.7504,0.6030,0.7719,AVOID,35.752,30.728,1
17.920,0.7509,0.6034,2.0032,AVOID,35.727,30.822,1
17.952,0.7507,0.6040,0.8886,AVOID,35.815,30.791,1
17.984,0.7511,0.6045,2.2058,AVOID,35.790,30.885,1
18.016,0.7508,0.6050,1.0218,AVOID,35.878,30.854,1
18.048,0.7511,0.6056,2.4647,AVOID,35.853,30.948,1
18.080,0.7507,0.6060,1.4062,AVOID,35.940,30.916,1
18.112,0.7508,0.6067,2.7090,AVOID,35.915,31.011,1
18.144,0.7503,0.6069,1.8790,AVOID,36.003,30.979,1
18.176,0.7501,0.6075,-2.9688,AVOID,35.972,31.073,1
18.208,0.7494,0.6074,2.2835,AVOID,36.066,31.042,1
18.240,0.7491,0.6078,-3.1109,AVOID,36.035,31.130,1
18.272,0.7484,0.6078,1.8072,AVOID,36.129,31.105,1
18.304,0.7482,0.6084,2.7372,AVOID,36.097,31.193,1
18.336,0.7476,0.6087,1.3953,AVOID,36.192,31.168,1
18.368,0.7477,0.6092,2.2998,AVOID,36.160,31.256,1
18.400,0.7472,0.6098,0.9972,AVOID,36.254,31.230,1
18.432,0.7475,0.6102,2.3108,AVOID,36.223,31.318,1
18.464,0.7470,0.6108,1.1015,AVOID,36.317,31.293,1
18.496,0.7473,0.6113,2.1689,AVOID,36.286,31.381,1
18.528,0.7469,0.6118,0.9113,AVOID,36.380,31.350,1
18.560,0.7473,0.6123,2.1480,AVOID,36.349,31.444,1
18.592,0.7470,0.6129,0.7549,AVOID,36.443,31.413,1
18.624,0.7474,0.6133,1.9968,AVOID,36.411,31.507,1
18.656,0.7472,0.6139,1.0314,AVOID,36.506,31.475,1
18.688,0.7475,0.6144,1.9432,AVOID,36.474,31.570,1
18.720,0.7473,0.6150,0.7133,AVOID,36.568,31.538,1
18.752,0.7478,0.6155,1.8131,AVOID,36.537,31.632,1
18.784,0.7476,0.6161,0.6674,AVOID,36.631,31.601,1
18.816,0.7481,0.6165,1.8056,AVOID,36.600,31.695,1
18.848,0.7480,0.6170,0.9119,AVOID,36.688,31.664,1
18.880,0.7484,0.6176,1.8030,AVOID,36.663,31.758,1
18.912,0.7483,0.6182,0.4427,AVOID,36.751,31.727,1
18.944,0.7489,0.6185,1.1617,AVOID,36.725,31.821,1
18.976,0.7492,0.6190,0.0490,AVOID,36.813,31.789,1
19.008,0.7499,0.6190,0.9474,AVOID,36.788,31.884,1
19.040,0.7502,0.6195,-0.1321,AVOID,36.876,31.852,1
19.072,0.7509,0.6194,0.9403,AVOID,36.851,31.946,1
19.104,0.7512,0.6199,-0.4144,AVOID,36.939,31.915,1
19.136,0.7518,0.6197,0.4449,AVOID,36.908,32.003,1
19.168,0.7524,0.6200,-0.9178,AVOID,37.002,31.978,1
19.200,0.7528,0.6195,0.6013,WALL_FOLLOW,36.970,32.066,1
19.232,0.7528,0.6195,0.5978,AVOID,36.970,32.066,1
19.264,0.7528,0.6195,0.4538,AVOID,36.970,32.066,1
19.296,0.7534,0.6198,-1.1654,AVOID,37.065,32.041,1
19.328,0.7536,0.6193,-0.0090,AVOID,37.033,32.128,1
19.360,0.7543,0.6193,-0.8719,AVOID,37.127,32.103,1
19.392,0.7547,0.6188,0.1234,AVOID,37.096,32.191,1
19.424,0.7554,0.6189,-1.1626,AVOID,37.190,32.166,1
19.456,0.7556,0.6184,0.0007,AVOID,37.159,32.254,1
19.488,0.7563,0.6184,-1.0589,AVOID,37.253,32.223,1
19.520,0.7566,0.6178,0.3224,AVOID,37.222,32.317,1
19.552,0.7572,0.6180,-0.8894,AVOID,37.316,32.285,1
19.584,0.7576,0.6175,0.4446,AVOID,37.284,32.380,1
19.616,0.7582,0.6178,-0.8925,AVOID,37.253,32.474,1
19.648,0.7586,0.6173,-2.1687,AVOID,37.347,32.442,1
19.680,0.7582,0.6168,2.6550,AVOID,37.441,32.411,1
19.712,0.7577,0.6171,-2.8298,AVOID,37.410,32.505,1
19.744,0.7571,0.6169,2.4259,AVOID,37.504,32.474,1
19.776,0.7566,0.6173,-2.6843,AVOID,37.473,32.568,1
19.808,0.7561,0.6170,2.4221,AVOID,37.561,32.537,1
19.840,0.7555,0.6175,-2.9820,AVOID,37.536,32.631,1
19.872,0.7549,0.6174,2.2365,AVOID,37.623,32.599,1
19.904,0.7545,0.6180,-2.7016,AVOID,37.598,32.694,1
19.936,0.7540,0.6177,2.3518,AVOID,37.686,32.662,1
19.968,0.7535,0.6182,-2.7193,AVOID,37.661,32.756,1
20.000,0.7530,0.6180,2.5132,AVOID,37.749,32.725,1
20.032,0.7524,0.6184,-2.9156,AVOID,37.724,32.819,1
20.064,0.7518,0.6183,2.1817,AVOID,37.812,32.788,1
20.096,0.7515,0.6188,-2.8532,AVOID,37.780,32.882,1
20.128,0.7508,0.6186,2.0926,AVOID,37.875,32.851,1
20.160,0.7505,0.6191,-3.0075,AVOID,37.843,32.939,1
20.192,0.7498,0.6190,2.3953,AVOID,37.937,32.913,1
20.224,0.7494,0.6194,-2.6899,AVOID,37.906,33.001,1
20.256,0.7488,0.6191,1.9225,AVOID,37.881,33.096,1
20.288,0.7486,0.6197,0.2226,AVOID,37.969,33.064,1
20.320,0.7493,0.6198,-1.4190,AVOID,38.063,33.039,1
20.352,0.7494,0.6192,-2.7137,AVOID,38.157,33.008,1
20.384,0.7488,0.6189,-1.8617,AVOID,38.126,33.102,1
20.416,0.7486,0.6184,2.4835,AVOID,38.094,33.190,1
20.448,0.7481,0.6187,1.6361,AVOID,38.189,33.158,1
20.480,0.7481,0.6194,2.2660,AVOID,38.157,33.253,1
20.512,0.7477,0.6199,1.3671,AVOID,38.251,33.221,1
20.544,0.7478,0.6205,2.2167,AVOID,38.220,33.315,1
20.576,0.7474,0.6210,0.8446,AVOID,38.314,33.284,1
20.608,0.7478,0.6215,1.7402,AVOID,38.283,33.378,1
20.640,0.7477,0.6221,0.5867,AVOID,38.377,33.347,1
20.672,0.7483,0.6225,1.7378,AVOID,38.346,33.441,1
20.704,0.7481,0.6231,0.7189,AVOID,38.440,33.410,1
20.736,0.7486,0.6236,1.9212,AVOID,38.408,33.504,1
20.768,0.7484,0.6241,0.7609,AVOID,38.496,33.472,1
20.800,0.7489,0.6246,1.8653,AVOID,38.471,33.567,1
20.832,0.7488,0.6251,0.6676,AVOID,38.559,33.535,1
20.864,0.7493,0.6256,1.7024,AVOID,38.534,33.629,1
20.896,0.7493,0.6262,0.5246,AVOID,38.622,33.598,1
20.928,0.7499,0.6265,1.5166,AVOID,38.597,33.692,1
20.960,0.7499,0.6271,0.0401,AVOID,38.685,33.661,1
20.992,0.7506,0.6271,1.3419,AVOID,38.660,33.755,1
21.024,0.7507,0.6277,0.3023,AVOID,38.748,33.724,1
21.056,0.7513,0.6279,1.5259,AVOID,38.716,33.812,1
21.088,0.7513,0.6286,0.4914,AVOID,38.810,33.786,1
21.120,0.7518,0.6288,1.5613,AVOID,38.779,33.874,1
21.152,0.7518,0.6295,0.3745,AVOID,38.873,33.849,1
21.184,0.7524,0.6298,1.4720,AVOID,38.842,33.937,1
21.216,0.7525,0.6305,0.1911,AVOID,38.936,33.912,1
21.248,0.7531,0.6306,-1.1467,WALL_FOLLOW,39.030,33.881,1
21.280,0.7531,0.6306,-1.1224,AVOID,39.030,33.881,1
21.312,0.7531,0.6306,-1.0743,AVOID,39.030,33.881,1
21.344,0.7534,0.6300,1.2439,AVOID,38.999,33.975,1
21.376,0.7536,0.6306,-0.6757,AVOID,38.967,34.063,1
21.408,0.7541,0.6302,-1.7623,AVOID,39.062,34.031,1
21.440,0.7540,0.6295,-2.9947,AVOID,39.150,34.006,1
21.472,0.7533,0.6294,-2.4756,AVOID,39.124,34.094,1
21.504,0.7528,0.6290,1.6010,AVOID,39.093,34.188,1
21.536,0.7528,0.6297,0.5162,AVOID,39.187,34.157,1
21.568,0.7534,0.6300,-0.9221,AVOID,39.275,34.132,1
21.600,0.7537,0.6295,0.0304,AVOID,39.250,34.220,1
21.632,0.7544,0.6295,-2.1034,AVOID,39.219,34.314,1
21.664,0.7541,0.6290,3.0349,AVOID,39.313,34.283,1
21.696,0.7534,0.6290,-2.5924,AVOID,39.281,34.377,1
21.728,0.7529,0.6287,2.4256,AVOID,39.369,34.345,1
21.760,0.7524,0.6292,-3.0289,AVOID,39.344,34.440,1
21.792,0.7518,0.6291,2.4181,AVOID,39.432,34.408,1
21.824,0.7513,0.6296,-2.8856,AVOID,39.407,34.502,1
21.856,0.7507,0.6294,2.0973,AVOID,39.495,34.471,1
21.888,0.7504,0.6301,-3.1023,AVOID,39.470,34.565,1
21.920,0.7498,0.6300,2.0897,AVOID,39.558,34.534,1
21.952,0.7494,0.6306,-3.1301,AVOID,39.533,34.628,1
21.984,0.7489,0.6306,2.0185,AVOID,39.621,34.597,1
22.016,0.7486,0.6312,0.7244,AVOID,39.715,34.565,1
22.048,0.7491,0.6316,1.9355,AVOID,39.683,34.659,1
22.080,0.7489,0.6322,0.2524,AVOID,39.652,34.747,1
22.112,0.7495,0.6324,-0.8719,AVOID,39.746,34.722,1
22.144,0.7499,0.6319,-0.1325,AVOID,39.715,34.810,1
22.176,0.7506,0.6318,-1.4915,AVOID,39.809,34.785,1
22.208,0.7507,0.6312,-0.4178,AVOID,39.778,34.873,1
22.240,0.7513,0.6310,-1.5617,AVOID,39.872,34.848,1
22.272,0.7513,0.6304,-0.2932,AVOID,39.840,34.936,1
22.304,0.7520,0.6302,-1.6085,AVOID,39.935,34.911,1
22.336,0.7520,0.6296,-0.5767,AVOID,39.903,34.998,1
22.368,0.7525,0.6292,-2.0420,AVOID,39.997,34.967,1
22.400,0.7522,0.6287,-0.9813,AVOID,39.966,35.061,1
22.432,0.7526,0.6281,-2.0538,AVOID,40.060,35.030,1
22.464,0.7523,0.6276,-1.0594,AVOID,40.029,35.124,1
22.496,0.7526,0.6270,-2.5295,AVOID,40.123,35.093,1
22.528,0.7521,0.6266,-1.6047,AVOID,40.092,35.187,1
22.560,0.7520,0.6260,-2.5733,AVOID,40.186,35.155,1
22.592,0.7515,0.6256,-1.7971,AVOID,40.154,35.250,1
22.624,0.7514,0.6250,-3.0538,AVOID,40.249,35.218,1
22.656,0.7507,0.6250,-1.7803,AVOID,40.217,35.312,1
22.688,0.7506,0.6244,-2.7921,AVOID,40.305,35.281,1
22.720,0.7500,0.6242,2.0144,AVOID,40.399,35.250,1
22.752,0.7497,0.6248,-2.9867,AVOID,40.368,35.344,1
22.784,0.7491,0.6247,2.0417,AVOID,40.462,35.312,1
22.816,0.7488,0.6252,-2.8683,AVOID,40.431,35.407,1
22.848,0.7482,0.6251,2.5312,AVOID,40.525,35.375,1
22.880,0.7476,0.6254,-2.4978,AVOID,40.493,35.469,1
22.912,0.7471,0.6250,2.3013,AVOID,40.468,35.564,1
22.944,0.7467,0.6254,1.1587,AVOID,40.556,35.532,1
22.976,0.7469,0.6260,2.2760,AVOID,40.525,35.620,1
23.008,0.7465,0.6265,0.8424,AVOID,40.619,35.595,1
23.040,0.7468,0.6269,1.7351,AVOID,40.588,35.683,1
23.072,0.7467,0.6276,0.3029,AVOID,40.682,35.658,1
23.104,0.7473,0.6278,1.2849,AVOID,40.650,35.746,1
23.136,0.7475,0.6285,-0.0918,AVOID,40.745,35.721,1
23.168,0.7481,0.6284,-1.4605,AVOID,40.839,35.689,1
23.200,0.7482,0.6278,-0.5248,AVOID,40.807,35.783,1
23.232,0.7487,0.6275,-2.3111,AVOID,40.776,35.871,1
23.264,0.7483,0.6270,2.8898,AVOID,40.870,35.840,1
23.296,0.7476,0.6272,-2.2858,WALL_FOLLOW,40.839,35.934,1
23.328,0.7476,0.6272,-2.4480,AVOID,40.839,35.934,1
23.360,0.7476,0.6272,-2.6732,AVOID,40.839,35.934,1
23.392,0.7471,0.6269,2.1789,AVOID,40.933,35.903,1
23.424,0.7467,0.6274,-3.0614,AVOID,40.902,35.997,1
23.456,0.7461,0.6274,2.1818,AVOID,40.996,35.966,1
23.488,0.7457,0.6279,0.7465,AVOID,41.084,35.940,1
23.520,0.7462,0.6283,1.7026,AVOID,41.059,36.028,1
23.552,0.7461,0.6290,0.3011,AVOID,41.027,36.123,1
23.584,0.7467,0.6292,-0.5874,AVOID,41.121,36.091,1
23.616,0.7472,0.6288,-2.0358,AVOID,41.209,36.060,1
23.648,0.7469,0.6283,-0.8861,AVOID,41.178,36.154,1
23.680,0.7473,0.6277,-2.9228,AVOID,41.153,36.248,1
23.712,0.7468,0.6276,2.4561,AVOID,41.241,36.217,1
23.744,0.7463,0.6280,1.0204,AVOID,41.335,36.185,1
23.776,0.7466,0.6285,2.0222,AVOID,41.304,36.280,1
23.808,0.7463,0.6291,1.2161,AVOID,41.398,36.248,1
23.840,0.7465,0.6297,2.6953,AVOID,41.366,36.342,1
23.872,0.7460,0.6300,1.5310,AVOID,41.461,36.311,1
23.904,0.7460,0.6307,2.8011,AVOID,41.429,36.405,1
23.936,0.7454,0.6309,1.9819,AVOID,41.523,36.374,1
23.968,0.7451,0.6315,2.7183,AVOID,41.492,36.468,1
24.000,0.7445,0.6317,1.6067,AVOID,41.586,36.437,1
24.032,0.7445,0.6324,2.6603,AVOID,41.555,36.531,1
24.064,0.7439,0.6327,1.4620,AVOID,41.649,36.499,1
24.096,0.7440,0.6333,2.7974,AVOID,41.618,36.594,1
24.128,0.7434,0.6335,1.7621,AVOID,41.712,36.562,1
24.160,0.7433,0.6342,2.7256,AVOID,41.680,36.656,1
24.192,0.7428,0.6344,1.1606,AVOID,41.649,36.744,1
24.224,0.7430,0.6350,-0.2593,AVOID,41.743,36.719,1
24.256,0.7436,0.6349,0.2835,AVOID,41.712,36.807,1
24.288,0.7442,0.6351,-0.8932,AVOID,41.806,36.776,1
24.320,0.7446,0.6346,-2.6508,AVOID,41.894,36.751,1
24.352,0.7440,0.6343,-1.6807,AVOID,41.869,36.838,1
24.384,0.7440,0.6336,-2.5952,AVOID,41.957,36.813,1
24.416,0.7434,0.6333,-1.6203,AVOID,41.932,36.901,1
24.448,0.7434,0.6326,-2.4324,AVOID,42.019,36.876,1
24.480,0.7429,0.6322,-1.5120,AVOID,41.994,36.964,1
24.512,0.7429,0.6316,-2.4556,AVOID,42.082,36.939,1
24.544,0.7425,0.6312,-1.3177,AVOID,42.051,37.027,1
24.576,0.7427,0.6305,-2.9183,AVOID,42.026,37.121,1
24.608,0.7421,0.6304,1.8605,AVOID,42.114,37.090,1
24.640,0.7419,0.6310,0.0628,AVOID,42.208,37.058,1
24.672,0.7426,0.6311,1.0811,AVOID,42.176,37.152,1
24.704,0.7429,0.6316,-0.2283,AVOID,42.271,37.121,1
24.736,0.7435,0.6315,0.9617,AVOID,42.239,37.215,1
24.768,0.7439,0.6321,-1.0935,AVOID,42.214,37.309,1
24.800,0.7442,0.6315,-2.3587,AVOID,42.302,37.278,1
24.832,0.7437,0.6311,2.4102,AVOID,42.396,37.247,1
24.864,0.7432,0.6315,-2.7574,AVOID,42.365,37.341,1
24.896,0.7426,0.6313,2.2640,AVOID,42.459,37.309,1
24.928,0.7422,0.6318,-3.0626,AVOID,42.428,37.404,1
24.960,0.7416,0.6317,2.0701,AVOID,42.522,37.372,1
24.992,0.7413,0.6323,2.9109,AVOID,42.490,37.466,1
25.024,0.7407,0.6324,1.1340,AVOID,42.459,37.554,1
25.056,0.7410,0.6331,-0.3027,AVOID,42.553,37.529,1
25.088,0.7416,0.6329,-2.0671,AVOID,42.647,37.498,1
25.120,0.7413,0.6323,-1.2169,AVOID,42.616,37.592,1
25.152,0.7415,0.6317,-2.0929,AVOID,42.710,37.561,1
25.184,0.7413,0.6312,-1.0017,AVOID,42.679,37.649,1
25.216,0.7416,0.6307,-2.2281,AVOID,42.767,37.623,1
25.248,0.7412,0.6302,-1.0167,AVOID,42.742,37.711,1
25.280,0.7415,0.6296,-2.8495,AVOID,42.710,37.806,1
25.312,0.7409,0.6294,2.1332,AVOID,42.804,37.774,1
25.344,0.7406,0.6300,1.0025,WALL_FOLLOW,42.892,37.749,1
25.376,0.7406,0.6300,0.9522,AVOID,42.892,37.749,1
25.408,0.7406,0.6300,0.9283,AVOID,42.892,37.749,1
25.440,0.7410,0.6305,2.5063,AVOID,42.867,37.837,1
25.472,0.7405,0.6309,1.5483,AVOID,42.955,37.812,1
25.504,0.7405,0.6315,2.4908,AVOID,42.930,37.900,1
25.536,0.7400,0.6319,1.2509,AVOID,43.018,37.868,1
25.568,0.7402,0.6325,2.1666,AVOID,42.987,37.963,1
25.600,0.7398,0.6330,1.2528,AVOID,43.081,37.931,1
25.632,0.7401,0.6336,2.4211,AVOID,43.049,38.025,1
25.664,0.7396,0.6340,1.2678,AVOID,43.144,37.994,1
25.696,0.7398,0.6346,2.1126,AVOID,43.112,38.088,1
25.728,0.7394,0.6352,1.1244,AVOID,43.206,38.057,1
25.760,0.7397,0.6358,2.2600,AVOID,43.175,38.151,1
25.792,0.7393,0.6363,1.1566,AVOID,43.269,38.120,1
25.824,0.7396,0.6369,2.1501,AVOID,43.238,38.214,1
25.856,0.7392,0.6374,1.2664,AVOID,43.332,38.182,1
25.888,0.7394,0.6380,2.2916,AVOID,43.301,38.277,1
25.920,0.7390,0.6385,1.3217,AVOID,43.395,38.245,1
25.952,0.7391,0.6391,2.6622,AVOID,43.363,38.339,1
25.984,0.7386,0.6394,1.5091,AVOID,43.458,38.308,1
26.016,0.7386,0.6401,2.3796,AVOID,43.426,38.402,1
26.048,0.7381,0.6405,1.5359,AVOID,43.520,38.371,1
26.080,0.7382,0.6412,2.5988,AVOID,43.489,38.465,1
26.112,0.7376,0.6415,1.5240,AVOID,43.583,38.434,1
26.144,0.7376,0.6421,2.5891,AVOID,43.552,38.522,1
26.176,0.7371,0.6424,1.2146,AVOID,43.640,38.496,1
26.208,0.7373,0.6430,2.3042,AVOID,43.615,38.584,1
26.240,0.7369,0.6435,1.1378,AVOID,43.703,38.559,1
26.272,0.7371,0.6441,1.8020,AVOID,43.677,38.647,1
26.304,0.7370,0.6447,0.9047,AVOID,43.765,38.622,1
26.336,0.7374,0.6452,1.9883,AVOID,43.740,38.710,1
26.368,0.7371,0.6458,0.5222,AVOID,43.828,38.685,1
26.400,0.7377,0.6461,1.5259,AVOID,43.803,38.773,1
26.432,0.7377,0.6467,0.5414,AVOID,43.891,38.741,1
26.464,0.7383,0.6470,1.9283,AVOID,43.860,38.836,1
26.496,0.7380,0.6476,0.7812,AVOID,43.954,38.804,1
26.528,0.7385,0.6481,1.8918,AVOID,43.922,38.898,1
26.560,0.7383,0.6487,0.4567,AVOID,44.017,38.867,1
26.592,0.7389,0.6490,1.6453,AVOID,43.991,38.961,1
26.624,0.7389,0.6496,0.3540,AVOID,44.079,38.930,1
26.656,0.7395,0.6498,1.7048,AVOID,44.048,39.024,1
26.688,0.7394,0.6504,0.6931,AVOID,44.142,38.993,1
26.720,0.7399,0.6509,1.7057,AVOID,44.111,39.087,1
26.752,0.7398,0.6515,0.6839,AVOID,44.205,39.055,1
26.784,0.7403,0.6519,1.8046,AVOID,44.174,39.150,1
26.816,0.7402,0.6525,0.0982,AVOID,44.142,39.237,1
26.848,0.7409,0.6525,-1.2841,AVOID,44.236,39.212,1
26.880,0.7411,0.6519,-2.6733,AVOID,44.331,39.181,1
26.912,0.7405,0.6516,-1.6996,AVOID,44.299,39.275,1
26.944,0.7404,0.6510,-2.7915,AVOID,44.393,39.244,1
26.976,0.7398,0.6508,-2.1889,AVOID,44.362,39.338,1
27.008,0.7394,0.6502,-3.1266,AVOID,44.456,39.307,1
27.040,0.7388,0.6502,-2.1974,AVOID,44.425,39.401,1
27.072,0.7384,0.6497,3.0445,AVOID,44.519,39.369,1
27.104,0.7378,0.6498,-2.3025,AVOID,44.488,39.457,1
27.136,0.7374,0.6493,2.9258,AVOID,44.575,39.432,1
27.168,0.7368,0.6494,-2.2827,AVOID,44.550,39.520,1
27.200,0.7364,0.6489,2.7958,AVOID,44.638,39.495,1
27.232,0.7358,0.6492,-2.4865,AVOID,44.613,39.583,1
27.264,0.7352,0.6488,2.4470,AVOID,44.701,39.558,1
27.296,0.7347,0.6492,-2.5754,AVOID,44.676,39.646,1
27.328,0.7342,0.6488,2.4996,AVOID,44.764,39.621,1
27.360,0.7337,0.6492,-2.7647,AVOID,44.739,39.708,1
27.392,0.7331,0.6490,2.4649,WALL_FOLLOW,44.827,39.677,1
27.424,0.7331,0.6490,2.3707,AVOID,44.827,39.677,1
27.456,0.7331,0.6490,2.2987,AVOID,44.827,39.677,1
27.488,0.7327,0.6495,-1.1340,AVOID,44.795,39.771,1
27.520,0.7330,0.6489,-2.1402,AVOID,44.889,39.740,1
27.552,0.7326,0.6484,-1.1036,AVOID,44.858,39.834,1
27.584,0.7329,0.6478,-2.0567,AVOID,44.952,39.803,1
27.616,0.7326,0.6472,-1.0296,AVOID,44.921,39.897,1
27.648,0.7330,0.6467,-1.9945,AVOID,45.015,39.865,1
27.680,0.7327,0.6461,-1.1136,AVOID,44.984,39.960,1
27.712,0.7330,0.6455,-2.2620,AVOID,45.078,39.928,1
27.744,0.7326,0.6450,-1.2115,AVOID,45.046,40.022,1
27.776,0.7328,0.6444,-2.1097,AVOID,45.141,39.991,1
27.808,0.7325,0.6438,-0.8099,AVOID,45.109,40.085,1
27.840,0.7329,0.6434,-2.0024,AVOID,45.203,40.054,1
27.872,0.7326,0.6428,-0.7545,AVOID,45.172,40.148,1
27.904,0.7331,0.6424,-1.7967,AVOID,45.266,40.117,1
27.936,0.7330,0.6417,-0.7184,AVOID,45.235,40.211,1
27.968,0.7335,0.6413,-2.2871,AVOID,45.329,40.179,1
28.000,0.7330,0.6408,-1.0740,AVOID,45.298,40.274,1
28.032,0.7333,0.6402,-2.0622,AVOID,45.392,40.242,1
28.064,0.7331,0.6397,-0.7938,AVOID,45.360,40.330,1
28.096,0.7335,0.6393,-1.8176,AVOID,45.448,40.305,1
28.128,0.7334,0.6387,-0.8116,AVOID,45.423,40.393,1
28.160,0.7338,0.6382,-2.0868,AVOID,45.511,40.368,1
28.192,0.7335,0.6376,-0.9666,AVOID,45.486,40.456,1
28.224,0.7339,0.6371,-2.3228,AVOID,45.574,40.431,1
28.256,0.7334,0.6366,-1.1595,AVOID,45.549,40.519,1
28.288,0.7337,0.6360,-2.9747,AVOID,45.517,40.613,1
28.320,0.7330,0.6359,1.9554,AVOID,45.612,40.581,1
28.352,0.7328,0.6365,-0.0244,AVOID,45.700,40.550,1
28.384,0.7335,0.6365,0.8238,AVOID,45.668,40.644,1
28.416,0.7339,0.6369,-0.1205,AVOID,45.762,40.613,1
28.448,0.7345,0.6368,1.0403,AVOID,45.731,40.707,1
28.480,0.7349,0.6374,-0.0416,AVOID,45.825,40.676,1
28.512,0.7355,0.6374,0.8463,AVOID,45.794,40.770,1
28.544,0.7359,0.6379,-0.4465,AVOID,45.888,40.738,1
28.576,0.7365,0.6376,0.9270,AVOID,45.857,40.833,1
28.608,0.7369,0.6381,-0.3606,AVOID,45.951,40.801,1
28.640,0.7375,0.6379,0.6532,AVOID,45.919,40.895,1
28.672,0.7380,0.6383,-0.7485,AVOID,46.014,40.864,1
28.704,0.7385,0.6378,0.3454,AVOID,45.982,40.958,1
28.736,0.7391,0.6380,-0.7989,AVOID,46.076,40.927,1
28.768,0.7395,0.6376,0.5689,AVOID,46.045,41.021,1
28.800,0.7401,0.6379,-0.6529,AVOID,46.139,40.990,1
28.832,0.7406,0.6375,0.3721,AVOID,46.108,41.084,1
28.864,0.7412,0.6378,-0.7417,AVOID,46.202,41.052,1
28.896,0.7417,0.6373,0.2962,AVOID,46.171,41.147,1
28.928,0.7423,0.6375,-0.9817,AVOID,46.265,41.115,1
28.960,0.7426,0.6370,0.5111,AVOID,46.233,41.209,1
28.992,0.7432,0.6373,-0.5643,AVOID,46.328,41.178,1
29.024,0.7437,0.6370,0.2160,AVOID,46.296,41.266,1
29.056,0.7443,0.6371,-1.2637,AVOID,46.384,41.241,1
29.088,0.7445,0.6365,-0.3516,AVOID,46.359,41.329,1
29.120,0.7451,0.6363,-1.2459,AVOID,46.447,41.304,1
29.152,0.7453,0.6357,0.1428,AVOID,46.422,41.391,1
29.184,0.7460,0.6358,-0.9201,AVOID,46.510,41.366,1
29.216,0.7464,0.6353,0.0383,AVOID,46.485,41.454,1
29.248,0.7470,0.6353,-0.8685,AVOID,46.572,41.429,1
29.280,0.7474,0.6348,0.0595,AVOID,46.547,41.517,1
29.312,0.7480,0.6348,-1.0267,AVOID,46.635,41.486,1
29.344,0.7483,0.6343,0.2287,AVOID,46.604,41.580,1
29.376,0.7490,0.6344,-1.0207,AVOID,46.698,41.548,1
29.408,0.7493,0.6339,0.1392,AVOID,46.667,41.643,1
29.440,0.7499,0.6340,-1.1931,WALL_FOLLOW,46.761,41.611,1
29.472,0.7499,0.6340,-1.2888,AVOID,46.761,41.611,1
29.504,0.7499,0.6340,-1.3629,AVOID,46.761,41.611,1
29.536,0.7501,0.6333,0.9657,AVOID,46.729,41.705,1
29.568,0.7504,0.6339,0.0788,AVOID,46.824,41.674,1
29.600,0.7511,0.6339,1.2215,AVOID,46.792,41.768,1
29.632,0.7513,0.6346,-0.4570,AVOID,46.767,41.862,1
29.664,0.7518,0.6343,-1.4041,AVOID,46.855,41.831,1
29.696,0.7519,0.6337,-2.9629,AVOID,46.949,41.800,1
29.728,0.7513,0.6336,-1.9369,AVOID,46.918,41.894,1
29.760,0.7511,0.6330,-2.7594,AVOID,47.012,41.862,1
29.792,0.7505,0.6327,-1.8921,AVOID,46.981,41.957,1
29.824,0.7503,0.6321,-2.8215,AVOID,47.075,41.925,1
29.856,0.7497,0.6319,-1.8643,AVOID,47.043,42.019,1
29.888,0.7495,0.6313,2.7700,AVOID,47.138,41.988,1
29.920,0.7489,0.6315,-2.6211,AVOID,47.106,42.082,1
29.952,0.7483,0.6312,2.9508,AVOID,47.200,42.051,1
29.984,0.7477,0.6313,-2.5117,AVOID,47.169,42.139,1
30.016,0.7472,0.6310,2.4784,AVOID,47.257,42.114,1
30.048,0.7467,0.6313,-3.0793,AVOID,47.232,42.202,1
30.080,0.7461,0.6313,1.9793,AVOID,47.320,42.176,1
30.112,0.7458,0.6319,3.0928,AVOID,47.295,42.264,1
30.144,0.7452,0.6319,1.8231,AVOID,47.383,42.239,1
30.176,0.7450,0.6326,2.7221,AVOID,47.357,42.327,1
30.208,0.7444,0.6328,1.7368,AVOID,47.445,42.302,1
30.240,0.7443,0.6334,2.8642,AVOID,47.420,42.390,1
30.272,0.7438,0.6336,1.8558,AVOID,47.508,42.359,1
30.304,0.7436,0.6342,2.7094,AVOID,47.477,42.453,1
30.336,0.7430,0.6345,1.7627,AVOID,47.571,42.421,1
30.368,0.7429,0.6351,3.0015,AVOID,47.540,42.516,1
30.400,0.7422,0.6352,1.7352,AVOID,47.634,42.484,1
30.432,0.7421,0.6359,2.9766,AVOID,47.602,42.578,1
30.464,0.7415,0.6360,1.7663,AVOID,47.697,42.547,1
30.496,0.7414,0.6366,2.8773,AVOID,47.665,42.641,1
30.528,0.7407,0.6368,1.2135,AVOID,47.640,42.735,1
30.560,0.7409,0.6373,-0.4798,AVOID,47.728,42.704,1
30.592,0.7415,0.6370,-1.9972,AVOID,47.822,42.673,1
30.624,0.7412,0.6364,-0.8493,AVOID,47.791,42.767,1
30.656,0.7416,0.6360,-1.8781,AVOID,47.885,42.735,1
30.688,0.7414,0.6353,-0.9986,AVOID,47.854,42.830,1
30.720,0.7418,0.6348,-2.0983,AVOID,47.948,42.798,1
30.752,0.7415,0.6342,-0.9563,AVOID,47.916,42.892,1
30.784,0.7418,0.6337,-1.8473,AVOID,48.011,42.861,1
30.816,0.7416,0.6331,-0.7211,AVOID,47.979,42.955,1
30.848,0.7421,0.6327,-1.7437,AVOID,48.073,42.924,1
30.880,0.7420,0.6320,-0.4365,AVOID,48.042,43.018,1
30.912,0.7426,0.6318,-1.3497,AVOID,48.136,42.987,1
30.944,0.7427,0.6312,-0.0923,AVOID,48.105,43.075,1
30.976,0.7434,0.6311,-1.0951,AVOID,48.193,43.049,1
31.008,0.7437,0.6306,0.3116,AVOID,48.168,43.137,1
31.040,0.7443,0.6308,-1.0782,AVOID,48.256,43.112,1
31.072,0.7446,0.6302,-0.0982,AVOID,48.230,43.200,1
31.104,0.7452,0.6301,-1.1810,AVOID,48.318,43.175,1
31.136,0.7455,0.6295,-0.3564,AVOID,48.293,43.263,1
31.168,0.7461,0.6293,-1.6343,AVOID,48.381,43.238,1
31.200,0.7460,0.6287,-0.7364,AVOID,48.356,43.326,1
31.232,0.7465,0.6283,-2.2194,AVOID,48.444,43.294,1
31.264,0.7461,0.6278,-1.3338,AVOID,48.413,43.389,1
31.296,0.7462,0.6271,-2.5638,AVOID,48.507,43.357,1
31.328,0.7457,0.6268,-1.4320,AVOID,48.475,43.451,1
31.360,0.7458,0.6262,-2.3121,AVOID,48.570,43.420,1
31.392,0.7453,0.6257,-1.1859,AVOID,48.538,43.514,1
31.424,0.7456,0.6251,-2.3625,AVOID,48.632,43.483,1
31.456,0.7451,0.6246,-1.1173,AVOID,48.601,43.577,1
31.488,0.7454,0.6241,-2.4681,WALL_FOLLOW,48.695,43.546,1
31.520,0.7454,0.6241,-2.5652,AVOID,48.695,43.546,1
31.552,0.7454,0.6241,-2.6400,AVOID,48.695,43.546,1
31.584,0.7448,0.6237,0.0830,AVOID,48.664,43.640,1
31.616,0.7455,0.6238,-0.9572,AVOID,48.758,43.608,1
31.648,0.7459,0.6233,-0.0495,AVOID,48.727,43.703,1
31.680,0.7465,0.6232,-1.0773,AVOID,48.821,43.671,1
31.712,0.7468,0.6227,-0.3833,AVOID,48.789,43.765,1
31.744,0.7474,0.6224,-1.4129,AVOID,48.884,43.734,1
31.776,0.7475,0.6218,-0.3628,AVOID,48.852,43.828,1
31.808,0.7481,0.6216,-1.1543,AVOID,48.946,43.797,1
31.840,0.7484,0.6210,-0.2551,AVOID,48.915,43.891,1
31.872,0.7490,0.6208,-1.4702,AVOID,49.009,43.860,1
31.904,0.7490,0.6202,-0.3228,AVOID,48.978,43.947,1
31.936,0.7497,0.6200,-1.2876,AVOID,49.066,43.922,1
31.968,0.7498,0.6194,-0.1319,AVOID,49.041,44.010,1
32.000,0.7505,0.6193,-1.1705,AVOID,49.128,43.985,1
32.032,0.7507,0.6187,-0.0997,AVOID,49.103,44.073,1
32.064,0.7514,0.6187,-1.0195,AVOID,49.191,44.048,1
32.096,0.7517,0.6181,0.1063,AVOID,49.166,44.136,1
32.128,0.7523,0.6182,-1.0673,AVOID,49.254,44.111,1
32.160,0.7526,0.6176,-0.0343,AVOID,49.229,44.199,1
32.192,0.7532,0.6176,-1.6120,AVOID,49.317,44.167,1
32.224,0.7532,0.6170,-0.6201,AVOID,49.285,44.261,1
32.256,0.7537,0.6166,-1.8512,AVOID,49.380,44.230,1
32.288,0.7535,0.6160,-0.6993,AVOID,49.348,44.324,1
32.320,0.7540,0.6156,-1.7293,AVOID,49.442,44.293,1
32.352,0.7539,0.6149,-0.5075,AVOID,49.411,44.387,1
32.384,0.7545,0.6146,-1.2742,AVOID,49.505,44.356,1
32.416,0.7547,0.6140,-0.1790,AVOID,49.474,44.450,1
32.448,0.7553,0.6139,-1.4007,AVOID,49.568,44.418,1
32.480,0.7554,0.6132,-0.2446,AVOID,49.537,44.513,1
32.512,0.7561,0.6131,-1.6720,AVOID,49.631,44.481,1
32.544,0.7560,0.6125,-0.5087,AVOID,49.599,44.575,1
32.576,0.7566,0.6121,-1.2745,AVOID,49.694,44.544,1
32.608,0.7567,0.6115,-0.0956,AVOID,49.662,44.638,1
32.640,0.7574,0.6115,-1.5704,AVOID,49.756,44.607,1
32.672,0.7574,0.6108,-0.3953,AVOID,49.725,44.701,1
32.704,0.7580,0.6106,-1.2857,AVOID,49.819,44.670,1
32.736,0.7582,0.6100,-0.2490,AVOID,49.788,44.764,1
32.768,0.7587,0.6098,-1.8016,AVOID,49.756,44.852,1
32.800,0.7586,0.6091,-3.1296,AVOID,49.851,44.827,1
32.832,0.7580,0.6091,1.6436,AVOID,49.939,44.795,1
32.864,0.7579,0.6098,2.6157,AVOID,49.913,44.883,1
32.896,0.7574,0.6101,1.3420,AVOID,50.001,44.858,1
32.928,0.7575,0.6107,2.4440,AVOID,49.976,44.946,1
32.960,0.7570,0.6111,1.3082,AVOID,50.064,44.921,1
32.992,0.7572,0.6117,2.4974,AVOID,50.039,45.009,1
33.024,0.7567,0.6121,1.6727,AVOID,50.127,44.984,1
33.056,0.7566,0.6128,2.6607,AVOID,50.102,45.072,1
33.088,0.7560,0.6131,1.7607,AVOID,50.190,45.046,1
33.120,0.7559,0.6136,3.0281,AVOID,50.158,45.134,1
33.152,0.7553,0.6137,2.0954,AVOID,50.253,45.103,1
33.184,0.7550,0.6143,3.0466,AVOID,50.221,45.197,1
33.216,0.7543,0.6143,2.0079,AVOID,50.315,45.166,1
33.248,0.7541,0.6149,-3.0397,AVOID,50.284,45.260,1
33.280,0.7534,0.6148,1.8951,AVOID,50.378,45.229,1
33.312,0.7532,0.6155,3.0580,AVOID,50.347,45.323,1
33.344,0.7526,0.6155,2.2571,AVOID,50.441,45.291,1
33.376,0.7522,0.6160,-2.8676,AVOID,50.410,45.386,1
33.408,0.7515,0.6158,2.4010,AVOID,50.504,45.354,1
33.440,0.7511,0.6163,-2.6384,AVOID,50.472,45.448,1
33.472,0.7505,0.6160,2.4271,AVOID,50.567,45.417,1
33.504,0.7500,0.6164,-2.7176,AVOID,50.535,45.511,1
33.536,0.7494,0.6161,2.3666,WALL_FOLLOW,50.629,45.480,1
33.568,0.7494,0.6161,2.2691,AVOID,50.629,45.480,1
33.600,0.7494,0.6161,2.1937,AVOID,50.629,45.480,1
33.632,0.7491,0.6166,-1.3251,AVOID,50.598,45.574,1
33.664,0.7492,0.6160,-2.2481,AVOID,50.692,45.543,1
33.696,0.7488,0.6155,-1.3615,AVOID,50.661,45.637,1
33.728,0.7489,0.6149,-2.4361,AVOID,50.755,45.605,1
33.760,0.7485,0.6145,-1.6168,AVOID,50.724,45.700,1
33.792,0.7484,0.6138,-2.6734,AVOID,50.818,45.668,1
33.824,0.7479,0.6136,-1.6210,AVOID,50.786,45.756,1
33.856,0.7479,0.6129,-2.6609,AVOID,50.874,45.731,1
33.888,0.7473,0.6126,-1.6901,AVOID,50.849,45.819,1
33.920,0.7472,0.6120,3.1175,AVOID,50.937,45.794,1
33.952,0.7466,0.6120,-2.0815,AVOID,50.912,45.882,1
33.984,0.7463,0.6114,2.8470,AVOID,51.000,45.857,1
34.016,0.7457,0.6116,-2.5074,AVOID,50.975,45.944,1
34.048,0.7451,0.6112,2.6083,AVOID,51.063,45.919,1
34.080,0.7446,0.6116,-2.8021,AVOID,51.038,46.007,1
34.112,0.7440,0.6114,2.1309,AVOID,51.125,45.976,1
34.144,0.7437,0.6119,-3.0301,AVOID,51.094,46.070,1
34.176,0.7431,0.6118,2.2688,AVOID,51.188,46.039,1
34.208,0.7426,0.6123,-3.0180,AVOID,51.157,46.133,1
34.240,0.7420,0.6123,2.1990,AVOID,51.251,46.101,1
34.272,0.7416,0.6128,-2.9913,AVOID,51.220,46.196,1
34.304,0.7410,0.6127,2.3180,AVOID,51.314,46.164,1
34.336,0.7405,0.6132,-2.9089,AVOID,51.282,46.258,1
34.368,0.7399,0.6130,2.2619,AVOID,51.377,46.227,1
34.400,0.7395,0.6135,3.0725,AVOID,51.345,46.321,1
34.432,0.7389,0.6135,1.8387,AVOID,51.439,46.290,1
34.464,0.7387,0.6142,2.9722,AVOID,51.408,46.384,1
34.496,0.7381,0.6143,1.7595,AVOID,51.502,46.353,1
34.528,0.7379,0.6149,2.6502,AVOID,51.471,46.447,1
34.560,0.7374,0.6152,1.4942,AVOID,51.565,46.415,1
34.592,0.7374,0.6159,2.6369,AVOID,51.534,46.510,1
34.624,0.7369,0.6162,1.3526,AVOID,51.628,46.478,1
34.656,0.7370,0.6168,2.5845,AVOID,51.596,46.572,1
34.688,0.7365,0.6171,1.4851,AVOID,51.691,46.541,1
34.720,0.7365,0.6177,2.4538,AVOID,51.659,46.629,1
34.752,0.7360,0.6181,1.2075,AVOID,51.747,46.604,1
34.784,0.7362,0.6187,2.2316,AVOID,51.722,46.692,1
34.816,0.7358,0.6192,1.1107,AVOID,51.810,46.667,1
34.848,0.7361,0.6198,2.2501,AVOID,51.785,46.755,1
34.880,0.7357,0.6203,1.2904,AVOID,51.873,46.729,1
34.912,0.7359,0.6209,2.3689,AVOID,51.848,46.817,1
34.944,0.7354,0.6214,0.9656,AVOID,51.936,46.792,1
34.976,0.7358,0.6219,1.8801,AVOID,51.910,46.880,1
35.008,0.7356,0.6225,0.8208,AVOID,51.998,46.849,1
35.040,0.7361,0.6229,1.7968,AVOID,51.967,46.943,1
35.072,0.7359,0.6236,0.5761,AVOID,52.061,46.912,1
35.104,0.7365,0.6239,1.8682,AVOID,52.030,47.006,1
35.136,0.7363,0.6245,0.5711,AVOID,52.124,46.974,1
35.168,0.7368,0.6249,1.5458,AVOID,52.093,47.069,1
35.200,0.7368,0.6255,0.2353,AVOID,52.187,47.037,1
35.232,0.7375,0.6257,1.1373,AVOID,52.155,47.131,1
35.264,0.7378,0.6263,-0.4495,AVOID,52.130,47.226,1
35.296,0.7383,0.6261,-1.7617,AVOID,52.218,47.194,1
35.328,0.7382,0.6254,2.9513,AVOID,52.312,47.163,1
35.360,0.7375,0.6255,-2.0711,AVOID,52.281,47.257,1
35.392,0.7372,0.6250,3.0825,AVOID,52.375,47.226,1
35.424,0.7366,0.6250,-2.3633,AVOID,52.344,47.320,1
35.456,0.7361,0.6246,2.4159,AVOID,52.438,47.288,1
35.488,0.7356,0.6250,-2.8138,AVOID,52.407,47.383,1
35.520,0.7350,0.6248,2.8091,AVOID,52.501,47.351,1
35.552,0.7344,0.6250,-2.5935,AVOID,52.469,47.445,1
35.584,0.7339,0.6247,2.5297,WALL_FOLLOW,52.564,47.414,1
35.616,0.7339,0.6247,2.4394,AVOID,52.564,47.414,1
35.648,0.7339,0.6247,2.3695,AVOID,52.564,47.414,1
35.680,0.7334,0.6251,-1.4611,AVOID,52.532,47.508,1
35.712,0.7335,0.6245,-2.6724,AVOID,52.626,47.477,1
35.744,0.7330,0.6242,-1.9047,AVOID,52.595,47.565,1
35.776,0.7327,0.6236,-2.9968,AVOID,52.683,47.540,1
35.808,0.7321,0.6235,-2.2162,AVOID,52.658,47.628,1
35.840,0.7317,0.6230,3.1280,AVOID,52.746,47.602,1
35.872,0.7311,0.6230,-2.0101,AVOID,52.721,47.690,1
35.904,0.7308,0.6224,-2.8810,AVOID,52.809,47.665,1
35.936,0.7302,0.6223,-1.9185,AVOID,52.783,47.753,1
35.968,0.7300,0.6216,-3.0113,AVOID,52.871,47.728,1
36.000,0.7293,0.6216,-2.1570,AVOID,52.846,47.816,1
36.032,0.7290,0.6211,3.0562,AVOID,52.934,47.785,1
36.064,0.7284,0.6211,-2.2193,AVOID,52.903,47.879,1
36.096,0.7280,0.6206,2.7253,AVOID,52.997,47.847,1
36.128,0.7274,0.6209,-2.2902,AVOID,52.966,47.942,1
36.160,0.7270,0.6204,3.0103,AVOID,53.060,47.910,1
36.192,0.7263,0.6205,-2.1902,AVOID,53.028,48.004,1
36.224,0.7259,0.6200,2.9766,AVOID,53.123,47.973,1
36.256,0.7253,0.6201,-2.2238,AVOID,53.091,48.067,1
36.288,0.7249,0.6196,2.8817,AVOID,53.185,48.036,1
36.320,0.7243,0.6197,-2.5193,AVOID,53.154,48.130,1
